meeting_date,midpoint,year
2020-06-10,0.125,2020
2020-06-10,0.125,2020
2020-06-10,0.125,2020
2020-06-10,0.125,2020
2020-06-10,0.125,2020
2020-06-10,0.125,2020
2020-06-10,0.125,2020
2020-06-10,0.125,2020
2020-06-10,0.125,2020
2020-06-10,0.125,2020
2020-06-10,0.125,2020
2020-06-10,0.125,2020
2020-06-10,0.125,2020
2020-06-10,0.125,2020
2020-06-10,0.125,2020
2020-06-10,0.125,2020
2020-06-10,0.125,2020
2020-06-10,0.125,2021
2020-06-10,0.125,2021
2020-06-10,0.125,2021
2020-06-10,0.125,2021
2020-06-10,0.125,2021
2020-06-10,0.125,2021
2020-06-10,0.125,2021
2020-06-10,0.125,2021
2020-06-10,0.125,2021
2020-06-10,0.125,2021
2020-06-10,0.125,2021
2020-06-10,0.125,2021
2020-06-10,0.125,2021
2020-06-10,0.125,2021
2020-06-10,0.125,2021
2020-06-10,0.125,2021
2020-06-10,0.125,2021
2020-06-10,0.125,2022
2020-06-10,0.125,2022
2020-06-10,0.125,2022
2020-06-10,0.125,2022
2020-06-10,0.125,2022
2020-06-10,0.125,2022
2020-06-10,0.125,2022
2020-06-10,0.125,2022
2020-06-10,0.125,2022
2020-06-10,0.125,2022
2020-06-10,0.125,2022
2020-06-10,0.125,2022
2020-06-10,0.125,2022
2020-06-10,0.125,2022
2020-06-10,0.125,2022
2020-06-10,0.375,2022
2020-06-10,1.125,2022
2020-06-10,2.000,longer_run
2020-06-10,2.250,longer_run
2020-06-10,2.250,longer_run
2020-06-10,2.250,longer_run
2020-06-10,2.375,longer_run
2020-06-10,2.500,longer_run
2020-06-10,2.500,longer_run
2020-06-10,2.500,longer_run
2020-06-10,2.500,longer_run
2020-06-10,2.500,longer_run
2020-06-10,2.500,longer_run
2020-06-10,2.500,longer_run
2020-06-10,2.500,longer_run
2020-06-10,2.750,longer_run
2020-06-10,3.000,longer_run
2020-06-10,3.000,longer_run
2020-09-16,0.125,2020
2020-09-16,0.125,2020
2020-09-16,0.125,2020
2020-09-16,0.125,2020
2020-09-16,0.125,2020
2020-09-16,0.125,2020
2020-09-16,0.125,2020
2020-09-16,0.125,2020
2020-09-16,0.125,2020
2020-09-16,0.125,2020
2020-09-16,0.125,2020
2020-09-16,0.125,2020
2020-09-16,0.125,2020
2020-09-16,0.125,2020
2020-09-16,0.125,2020
2020-09-16,0.125,2020
2020-09-16,0.125,2020
2020-09-16,0.125,2021
2020-09-16,0.125,2021
2020-09-16,0.125,2021
2020-09-16,0.125,2021
2020-09-16,0.125,2021
2020-09-16,0.125,2021
2020-09-16,0.125,2021
2020-09-16,0.125,2021
2020-09-16,0.125,2021
2020-09-16,0.125,2021
2020-09-16,0.125,2021
2020-09-16,0.125,2021
2020-09-16,0.125,2021
2020-09-16,0.125,2021
2020-09-16,0.125,2021
2020-09-16,0.125,2021
2020-09-16,0.125,2021
2020-09-16,0.125,2022
2020-09-16,0.125,2022
2020-09-16,0.125,2022
2020-09-16,0.125,2022
2020-09-16,0.125,2022
2020-09-16,0.125,2022
2020-09-16,0.125,2022
2020-09-16,0.125,2022
2020-09-16,0.125,2022
2020-09-16,0.125,2022
2020-09-16,0.125,2022
2020-09-16,0.125,2022
2020-09-16,0.125,2022
2020-09-16,0.125,2022
2020-09-16,0.125,2022
2020-09-16,0.125,2022
2020-09-16,0.625,2022
2020-09-16,0.125,2023
2020-09-16,0.125,2023
2020-09-16,0.125,2023
2020-09-16,0.125,2023
2020-09-16,0.125,2023
2020-09-16,0.125,2023
2020-09-16,0.125,2023
2020-09-16,0.125,2023
2020-09-16,0.125,2023
2020-09-16,0.125,2023
2020-09-16,0.125,2023
2020-09-16,0.125,2023
2020-09-16,0.125,2023
2020-09-16,0.375,2023
2020-09-16,0.375,2023
2020-09-16,0.625,2023
2020-09-16,1.375,2023
2020-09-16,2.000,longer_run
2020-09-16,2.250,longer_run
2020-09-16,2.250,longer_run
2020-09-16,2.250,longer_run
2020-09-16,2.375,longer_run
2020-09-16,2.500,longer_run
2020-09-16,2.500,longer_run
2020-09-16,2.500,longer_run
2020-09-16,2.500,longer_run
2020-09-16,2.500,longer_run
2020-09-16,2.500,longer_run
2020-09-16,2.500,longer_run
2020-09-16,2.500,longer_run
2020-09-16,2.750,longer_run
2020-09-16,3.000,longer_run
2020-09-16,3.000,longer_run
2020-12-16,0.125,2020
2020-12-16,0.125,2020
2020-12-16,0.125,2020
2020-12-16,0.125,2020
2020-12-16,0.125,2020
2020-12-16,0.125,2020
2020-12-16,0.125,2020
2020-12-16,0.125,2020
2020-12-16,0.125,2020
2020-12-16,0.125,2020
2020-12-16,0.125,2020
2020-12-16,0.125,2020
2020-12-16,0.125,2020
2020-12-16,0.125,2020
2020-12-16,0.125,2020
2020-12-16,0.125,2020
2020-12-16,0.125,2020
2020-12-16,0.125,2021
2020-12-16,0.125,2021
2020-12-16,0.125,2021
2020-12-16,0.125,2021
2020-12-16,0.125,2021
2020-12-16,0.125,2021
2020-12-16,0.125,2021
2020-12-16,0.125,2021
2020-12-16,0.125,2021
2020-12-16,0.125,2021
2020-12-16,0.125,2021
2020-12-16,0.125,2021
2020-12-16,0.125,2021
2020-12-16,0.125,2021
2020-12-16,0.125,2021
2020-12-16,0.125,2021
2020-12-16,0.125,2021
2020-12-16,0.125,2022
2020-12-16,0.125,2022
2020-12-16,0.125,2022
2020-12-16,0.125,2022
2020-12-16,0.125,2022
2020-12-16,0.125,2022
2020-12-16,0.125,2022
2020-12-16,0.125,2022
2020-12-16,0.125,2022
2020-12-16,0.125,2022
2020-12-16,0.125,2022
2020-12-16,0.125,2022
2020-12-16,0.125,2022
2020-12-16,0.125,2022
2020-12-16,0.125,2022
2020-12-16,0.125,2022
2020-12-16,0.375,2022
2020-12-16,0.125,2023
2020-12-16,0.125,2023
2020-12-16,0.125,2023
2020-12-16,0.125,2023
2020-12-16,0.125,2023
2020-12-16,0.125,2023
2020-12-16,0.125,2023
2020-12-16,0.125,2023
2020-12-16,0.125,2023
2020-12-16,0.125,2023
2020-12-16,0.125,2023
2020-12-16,0.125,2023
2020-12-16,0.375,2023
2020-12-16,0.375,2023
2020-12-16,0.375,2023
2020-12-16,0.625,2023
2020-12-16,1.125,2023
2020-12-16,2.000,longer_run
2020-12-16,2.250,longer_run
2020-12-16,2.250,longer_run
2020-12-16,2.250,longer_run
2020-12-16,2.375,longer_run
2020-12-16,2.500,longer_run
2020-12-16,2.500,longer_run
2020-12-16,2.500,longer_run
2020-12-16,2.500,longer_run
2020-12-16,2.500,longer_run
2020-12-16,2.500,longer_run
2020-12-16,2.500,longer_run
2020-12-16,2.500,longer_run
2020-12-16,2.750,longer_run
2020-12-16,3.000,longer_run
2020-12-16,3.000,longer_run
2021-03-17,0.125,2021
2021-03-17,0.125,2021
2021-03-17,0.125,2021
2021-03-17,0.125,2021
2021-03-17,0.125,2021
2021-03-17,0.125,2021
2021-03-17,0.125,2021
2021-03-17,0.125,2021
2021-03-17,0.125,2021
2021-03-17,0.125,2021
2021-03-17,0.125,2021
2021-03-17,0.125,2021
2021-03-17,0.125,2021
2021-03-17,0.125,2021
2021-03-17,0.125,2021
2021-03-17,0.125,2021
2021-03-17,0.125,2021
2021-03-17,0.125,2021
2021-03-17,0.125,2022
2021-03-17,0.125,2022
2021-03-17,0.125,2022
2021-03-17,0.125,2022
2021-03-17,0.125,2022
2021-03-17,0.125,2022
2021-03-17,0.125,2022
2021-03-17,0.125,2022
2021-03-17,0.125,2022
2021-03-17,0.125,2022
2021-03-17,0.125,2022
2021-03-17,0.125,2022
2021-03-17,0.125,2022
2021-03-17,0.125,2022
2021-03-17,0.375,2022
2021-03-17,0.375,2022
2021-03-17,0.375,2022
2021-03-17,0.625,2022
2021-03-17,0.125,2023
2021-03-17,0.125,2023
2021-03-17,0.125,2023
2021-03-17,0.125,2023
2021-03-17,0.125,2023
2021-03-17,0.125,2023
2021-03-17,0.125,2023
2021-03-17,0.125,2023
2021-03-17,0.125,2023
2021-03-17,0.125,2023
2021-03-17,0.125,2023
2021-03-17,0.375,2023
2021-03-17,0.625,2023
2021-03-17,0.875,2023
2021-03-17,0.875,2023
2021-03-17,0.875,2023
2021-03-17,1.125,2023
2021-03-17,1.125,2023
2021-03-17,2.000,longer_run
2021-03-17,2.250,longer_run
2021-03-17,2.250,longer_run
2021-03-17,2.250,longer_run
2021-03-17,2.250,longer_run
2021-03-17,2.375,longer_run
2021-03-17,2.500,longer_run
2021-03-17,2.500,longer_run
2021-03-17,2.500,longer_run
2021-03-17,2.500,longer_run
2021-03-17,2.500,longer_run
2021-03-17,2.500,longer_run
2021-03-17,2.500,longer_run
2021-03-17,2.500,longer_run
2021-03-17,2.750,longer_run
2021-03-17,3.000,longer_run
2021-03-17,3.000,longer_run
2021-06-16,0.125,2021
2021-06-16,0.125,2021
2021-06-16,0.125,2021
2021-06-16,0.125,2021
2021-06-16,0.125,2021
2021-06-16,0.125,2021
2021-06-16,0.125,2021
2021-06-16,0.125,2021
2021-06-16,0.125,2021
2021-06-16,0.125,2021
2021-06-16,0.125,2021
2021-06-16,0.125,2021
2021-06-16,0.125,2021
2021-06-16,0.125,2021
2021-06-16,0.125,2021
2021-06-16,0.125,2021
2021-06-16,0.125,2021
2021-06-16,0.125,2021
2021-06-16,0.125,2022
2021-06-16,0.125,2022
2021-06-16,0.125,2022
2021-06-16,0.125,2022
2021-06-16,0.125,2022
2021-06-16,0.125,2022
2021-06-16,0.125,2022
2021-06-16,0.125,2022
2021-06-16,0.125,2022
2021-06-16,0.125,2022
2021-06-16,0.125,2022
2021-06-16,0.375,2022
2021-06-16,0.375,2022
2021-06-16,0.375,2022
2021-06-16,0.375,2022
2021-06-16,0.375,2022
2021-06-16,0.625,2022
2021-06-16,0.625,2022
2021-06-16,0.125,2023
2021-06-16,0.125,2023
2021-06-16,0.125,2023
2021-06-16,0.125,2023
2021-06-16,0.125,2023
2021-06-16,0.375,2023
2021-06-16,0.375,2023
2021-06-16,0.625,2023
2021-06-16,0.625,2023
2021-06-16,0.625,2023
2021-06-16,0.875,2023
2021-06-16,0.875,2023
2021-06-16,0.875,2023
2021-06-16,1.125,2023
2021-06-16,1.125,2023
2021-06-16,1.125,2023
2021-06-16,1.625,2023
2021-06-16,1.625,2023
2021-06-16,2.000,longer_run
2021-06-16,2.250,longer_run
2021-06-16,2.250,longer_run
2021-06-16,2.250,longer_run
2021-06-16,2.250,longer_run
2021-06-16,2.375,longer_run
2021-06-16,2.500,longer_run
2021-06-16,2.500,longer_run
2021-06-16,2.500,longer_run
2021-06-16,2.500,longer_run
2021-06-16,2.500,longer_run
2021-06-16,2.500,longer_run
2021-06-16,2.500,longer_run
2021-06-16,2.500,longer_run
2021-06-16,2.750,longer_run
2021-06-16,3.000,longer_run
2021-06-16,3.000,longer_run
2021-09-22,0.125,2021
2021-09-22,0.125,2021
2021-09-22,0.125,2021
2021-09-22,0.125,2021
2021-09-22,0.125,2021
2021-09-22,0.125,2021
2021-09-22,0.125,2021
2021-09-22,0.125,2021
2021-09-22,0.125,2021
2021-09-22,0.125,2021
2021-09-22,0.125,2021
2021-09-22,0.125,2021
2021-09-22,0.125,2021
2021-09-22,0.125,2021
2021-09-22,0.125,2021
2021-09-22,0.125,2021
2021-09-22,0.125,2021
2021-09-22,0.125,2021
2021-09-22,0.125,2022
2021-09-22,0.125,2022
2021-09-22,0.125,2022
2021-09-22,0.125,2022
2021-09-22,0.125,2022
2021-09-22,0.125,2022
2021-09-22,0.125,2022
2021-09-22,0.125,2022
2021-09-22,0.125,2022
2021-09-22,0.375,2022
2021-09-22,0.375,2022
2021-09-22,0.375,2022
2021-09-22,0.375,2022
2021-09-22,0.375,2022
2021-09-22,0.375,2022
2021-09-22,0.625,2022
2021-09-22,0.625,2022
2021-09-22,0.625,2022
2021-09-22,0.125,2023
2021-09-22,0.375,2023
2021-09-22,0.375,2023
2021-09-22,0.375,2023
2021-09-22,0.375,2023
2021-09-22,0.625,2023
2021-09-22,0.625,2023
2021-09-22,0.625,2023
2021-09-22,0.875,2023
2021-09-22,1.125,2023
2021-09-22,1.125,2023
2021-09-22,1.125,2023
2021-09-22,1.125,2023
2021-09-22,1.125,2023
2021-09-22,1.125,2023
2021-09-22,1.625,2023
2021-09-22,1.625,2023
2021-09-22,1.625,2023
2021-09-22,0.625,2024
2021-09-22,0.875,2024
2021-09-22,0.875,2024
2021-09-22,0.875,2024
2021-09-22,1.125,2024
2021-09-22,1.125,2024
2021-09-22,1.125,2024
2021-09-22,1.625,2024
2021-09-22,1.625,2024
2021-09-22,1.875,2024
2021-09-22,2.125,2024
2021-09-22,2.125,2024
2021-09-22,2.125,2024
2021-09-22,2.125,2024
2021-09-22,2.125,2024
2021-09-22,2.125,2024
2021-09-22,2.375,2024
2021-09-22,2.625,2024
2021-09-22,2.000,longer_run
2021-09-22,2.250,longer_run
2021-09-22,2.250,longer_run
2021-09-22,2.250,longer_run
2021-09-22,2.250,longer_run
2021-09-22,2.375,longer_run
2021-09-22,2.500,longer_run
2021-09-22,2.500,longer_run
2021-09-22,2.500,longer_run
2021-09-22,2.500,longer_run
2021-09-22,2.500,longer_run
2021-09-22,2.500,longer_run
2021-09-22,2.500,longer_run
2021-09-22,2.500,longer_run
2021-09-22,2.500,longer_run
2021-09-22,3.000,longer_run
2021-09-22,3.000,longer_run
2021-12-15,0.125,2021
2021-12-15,0.125,2021
2021-12-15,0.125,2021
2021-12-15,0.125,2021
2021-12-15,0.125,2021
2021-12-15,0.125,2021
2021-12-15,0.125,2021
2021-12-15,0.125,2021
2021-12-15,0.125,2021
2021-12-15,0.125,2021
2021-12-15,0.125,2021
2021-12-15,0.125,2021
2021-12-15,0.125,2021
2021-12-15,0.125,2021
2021-12-15,0.125,2021
2021-12-15,0.125,2021
2021-12-15,0.125,2021
2021-12-15,0.125,2021
2021-12-15,0.375,2022
2021-12-15,0.625,2022
2021-12-15,0.625,2022
2021-12-15,0.625,2022
2021-12-15,0.625,2022
2021-12-15,0.625,2022
2021-12-15,0.875,2022
2021-12-15,0.875,2022
2021-12-15,0.875,2022
2021-12-15,0.875,2022
2021-12-15,0.875,2022
2021-12-15,0.875,2022
2021-12-15,0.875,2022
2021-12-15,0.875,2022
2021-12-15,0.875,2022
2021-12-15,0.875,2022
2021-12-15,1.125,2022
2021-12-15,1.125,2022
2021-12-15,1.125,2023
2021-12-15,1.125,2023
2021-12-15,1.375,2023
2021-12-15,1.375,2023
2021-12-15,1.375,2023
2021-12-15,1.375,2023
2021-12-15,1.375,2023
2021-12-15,1.625,2023
2021-12-15,1.625,2023
2021-12-15,1.625,2023
2021-12-15,1.875,2023
2021-12-15,1.875,2023
2021-12-15,1.875,2023
2021-12-15,1.875,2023
2021-12-15,1.875,2023
2021-12-15,2.125,2023
2021-12-15,2.125,2023
2021-12-15,2.125,2023
2021-12-15,1.875,2024
2021-12-15,1.875,2024
2021-12-15,1.875,2024
2021-12-15,1.875,2024
2021-12-15,1.875,2024
2021-12-15,2.125,2024
2021-12-15,2.125,2024
2021-12-15,2.125,2024
2021-12-15,2.125,2024
2021-12-15,2.125,2024
2021-12-15,2.250,2024
2021-12-15,2.375,2024
2021-12-15,2.375,2024
2021-12-15,2.875,2024
2021-12-15,2.875,2024
2021-12-15,2.875,2024
2021-12-15,2.875,2024
2021-12-15,3.125,2024
2021-12-15,2.000,longer_run
2021-12-15,2.250,longer_run
2021-12-15,2.250,longer_run
2021-12-15,2.250,longer_run
2021-12-15,2.250,longer_run
2021-12-15,2.375,longer_run
2021-12-15,2.500,longer_run
2021-12-15,2.500,longer_run
2021-12-15,2.500,longer_run
2021-12-15,2.500,longer_run
2021-12-15,2.500,longer_run
2021-12-15,2.500,longer_run
2021-12-15,2.500,longer_run
2021-12-15,2.500,longer_run
2021-12-15,2.500,longer_run
2021-12-15,3.000,longer_run
2021-12-15,3.000,longer_run
2022-03-16,1.375,2022
2022-03-16,1.625,2022
2022-03-16,1.625,2022
2022-03-16,1.625,2022
2022-03-16,1.875,2022
2022-03-16,1.875,2022
2022-03-16,1.875,2022
2022-03-16,1.875,2022
2022-03-16,1.875,2022
2022-03-16,2.125,2022
2022-03-16,2.125,2022
2022-03-16,2.375,2022
2022-03-16,2.375,2022
2022-03-16,2.375,2022
2022-03-16,2.625,2022
2022-03-16,3.125,2022
2022-03-16,2.125,2023
2022-03-16,2.375,2023
2022-03-16,2.375,2023
2022-03-16,2.375,2023
2022-03-16,2.375,2023
2022-03-16,2.625,2023
2022-03-16,2.625,2023
2022-03-16,2.625,2023
2022-03-16,2.875,2023
2022-03-16,2.875,2023
2022-03-16,2.875,2023
2022-03-16,3.125,2023
2022-03-16,3.125,2023
2022-03-16,3.375,2023
2022-03-16,3.625,2023
2022-03-16,3.625,2023
2022-03-16,2.125,2024
2022-03-16,2.125,2024
2022-03-16,2.250,2024
2022-03-16,2.375,2024
2022-03-16,2.375,2024
2022-03-16,2.375,2024
2022-03-16,2.625,2024
2022-03-16,2.625,2024
2022-03-16,2.875,2024
2022-03-16,2.875,2024
2022-03-16,2.875,2024
2022-03-16,3.125,2024
2022-03-16,3.375,2024
2022-03-16,3.375,2024
2022-03-16,3.625,2024
2022-03-16,3.625,2024
2022-03-16,2.000,longer_run
2022-03-16,2.250,longer_run
2022-03-16,2.250,longer_run
2022-03-16,2.250,longer_run
2022-03-16,2.250,longer_run
2022-03-16,2.250,longer_run
2022-03-16,2.250,longer_run
2022-03-16,2.375,longer_run
2022-03-16,2.500,longer_run
2022-03-16,2.500,longer_run
2022-03-16,2.500,longer_run
2022-03-16,2.500,longer_run
2022-03-16,2.500,longer_run
2022-03-16,3.000,longer_run
2022-03-16,3.000,longer_run
2022-06-15,3.125,2022
2022-06-15,3.125,2022
2022-06-15,3.125,2022
2022-06-15,3.125,2022
2022-06-15,3.125,2022
2022-06-15,3.375,2022
2022-06-15,3.375,2022
2022-06-15,3.375,2022
2022-06-15,3.375,2022
2022-06-15,3.375,2022
2022-06-15,3.375,2022
2022-06-15,3.375,2022
2022-06-15,3.375,2022
2022-06-15,3.625,2022
2022-06-15,3.625,2022
2022-06-15,3.625,2022
2022-06-15,3.625,2022
2022-06-15,3.875,2022
2022-06-15,2.875,2023
2022-06-15,3.375,2023
2022-06-15,3.625,2023
2022-06-15,3.625,2023
2022-06-15,3.625,2023
2022-06-15,3.625,2023
2022-06-15,3.625,2023
2022-06-15,3.625,2023
2022-06-15,3.625,2023
2022-06-15,3.875,2023
2022-06-15,3.875,2023
2022-06-15,3.875,2023
2022-06-15,3.875,2023
2022-06-15,4.125,2023
2022-06-15,4.125,2023
2022-06-15,4.125,2023
2022-06-15,4.125,2023
2022-06-15,4.375,2023
2022-06-15,2.125,2024
2022-06-15,2.250,2024
2022-06-15,2.875,2024
2022-06-15,2.875,2024
2022-06-15,3.125,2024
2022-06-15,3.125,2024
2022-06-15,3.375,2024
2022-06-15,3.375,2024
2022-06-15,3.375,2024
2022-06-15,3.375,2024
2022-06-15,3.375,2024
2022-06-15,3.375,2024
2022-06-15,3.375,2024
2022-06-15,3.375,2024
2022-06-15,3.625,2024
2022-06-15,3.625,2024
2022-06-15,3.875,2024
2022-06-15,4.125,2024
2022-06-15,2.000,longer_run
2022-06-15,2.250,longer_run
2022-06-15,2.250,longer_run
2022-06-15,2.250,longer_run
2022-06-15,2.250,longer_run
2022-06-15,2.250,longer_run
2022-06-15,2.250,longer_run
2022-06-15,2.375,longer_run
2022-06-15,2.500,longer_run
2022-06-15,2.500,longer_run
2022-06-15,2.500,longer_run
2022-06-15,2.500,longer_run
2022-06-15,2.500,longer_run
2022-06-15,2.500,longer_run
2022-06-15,2.500,longer_run
2022-06-15,3.000,longer_run
2022-06-15,3.000,longer_run
2022-09-21,3.875,2022
2022-09-21,4.125,2022
2022-09-21,4.125,2022
2022-09-21,4.125,2022
2022-09-21,4.125,2022
2022-09-21,4.125,2022
2022-09-21,4.125,2022
2022-09-21,4.125,2022
2022-09-21,4.125,2022
2022-09-21,4.375,2022
2022-09-21,4.375,2022
2022-09-21,4.375,2022
2022-09-21,4.375,2022
2022-09-21,4.375,2022
2022-09-21,4.375,2022
2022-09-21,4.375,2022
2022-09-21,4.375,2022
2022-09-21,4.375,2022
2022-09-21,4.625,2022
2022-09-21,3.875,2023
2022-09-21,4.375,2023
2022-09-21,4.375,2023
2022-09-21,4.375,2023
2022-09-21,4.375,2023
2022-09-21,4.375,2023
2022-09-21,4.375,2023
2022-09-21,4.625,2023
2022-09-21,4.625,2023
2022-09-21,4.625,2023
2022-09-21,4.625,2023
2022-09-21,4.625,2023
2022-09-21,4.625,2023
2022-09-21,4.875,2023
2022-09-21,4.875,2023
2022-09-21,4.875,2023
2022-09-21,4.875,2023
2022-09-21,4.875,2023
2022-09-21,4.875,2023
2022-09-21,2.625,2024
2022-09-21,2.875,2024
2022-09-21,3.125,2024
2022-09-21,3.375,2024
2022-09-21,3.375,2024
2022-09-21,3.375,2024
2022-09-21,3.625,2024
2022-09-21,3.625,2024
2022-09-21,3.625,2024
2022-09-21,3.875,2024
2022-09-21,3.875,2024
2022-09-21,3.875,2024
2022-09-21,3.875,2024
2022-09-21,4.125,2024
2022-09-21,4.125,2024
2022-09-21,4.375,2024
2022-09-21,4.375,2024
2022-09-21,4.625,2024
2022-09-21,4.625,2024
2022-09-21,2.375,2025
2022-09-21,2.375,2025
2022-09-21,2.375,2025
2022-09-21,2.375,2025
2022-09-21,2.625,2025
2022-09-21,2.625,2025
2022-09-21,2.625,2025
2022-09-21,2.875,2025
2022-09-21,2.875,2025
2022-09-21,2.875,2025
2022-09-21,3.125,2025
2022-09-21,3.125,2025
2022-09-21,3.125,2025
2022-09-21,3.125,2025
2022-09-21,3.375,2025
2022-09-21,3.375,2025
2022-09-21,3.625,2025
2022-09-21,3.625,2025
2022-09-21,4.625,2025
2022-09-21,2.250,longer_run
2022-09-21,2.250,longer_run
2022-09-21,2.250,longer_run
2022-09-21,2.250,longer_run
2022-09-21,2.250,longer_run
2022-09-21,2.250,longer_run
2022-09-21,2.375,longer_run
2022-09-21,2.500,longer_run
2022-09-21,2.500,longer_run
2022-09-21,2.500,longer_run
2022-09-21,2.500,longer_run
2022-09-21,2.500,longer_run
2022-09-21,2.500,longer_run
2022-09-21,2.500,longer_run
2022-09-21,2.500,longer_run
2022-09-21,2.625,longer_run
2022-09-21,3.000,longer_run
2022-09-21,3.000,longer_run
2022-12-14,4.375,2022
2022-12-14,4.375,2022
2022-12-14,4.375,2022
2022-12-14,4.375,2022
2022-12-14,4.375,2022
2022-12-14,4.375,2022
2022-12-14,4.375,2022
2022-12-14,4.375,2022
2022-12-14,4.375,2022
2022-12-14,4.375,2022
2022-12-14,4.375,2022
2022-12-14,4.375,2022
2022-12-14,4.375,2022
2022-12-14,4.375,2022
2022-12-14,4.375,2022
2022-12-14,4.375,2022
2022-12-14,4.375,2022
2022-12-14,4.375,2022
2022-12-14,4.375,2022
2022-12-14,4.875,2023
2022-12-14,4.875,2023
2022-12-14,5.125,2023
2022-12-14,5.125,2023
2022-12-14,5.125,2023
2022-12-14,5.125,2023
2022-12-14,5.125,2023
2022-12-14,5.125,2023
2022-12-14,5.125,2023
2022-12-14,5.125,2023
2022-12-14,5.125,2023
2022-12-14,5.125,2023
2022-12-14,5.375,2023
2022-12-14,5.375,2023
2022-12-14,5.375,2023
2022-12-14,5.375,2023
2022-12-14,5.375,2023
2022-12-14,5.625,2023
2022-12-14,5.625,2023
2022-12-14,3.125,2024
2022-12-14,3.375,2024
2022-12-14,3.875,2024
2022-12-14,3.875,2024
2022-12-14,3.875,2024
2022-12-14,4.125,2024
2022-12-14,4.125,2024
2022-12-14,4.125,2024
2022-12-14,4.125,2024
2022-12-14,4.125,2024
2022-12-14,4.125,2024
2022-12-14,4.125,2024
2022-12-14,4.625,2024
2022-12-14,4.625,2024
2022-12-14,4.875,2024
2022-12-14,4.875,2024
2022-12-14,4.875,2024
2022-12-14,5.125,2024
2022-12-14,5.625,2024
2022-12-14,2.375,2025
2022-12-14,2.625,2025
2022-12-14,2.625,2025
2022-12-14,2.625,2025
2022-12-14,2.625,2025
2022-12-14,2.875,2025
2022-12-14,2.875,2025
2022-12-14,3.125,2025
2022-12-14,3.125,2025
2022-12-14,3.125,2025
2022-12-14,3.125,2025
2022-12-14,3.375,2025
2022-12-14,3.375,2025
2022-12-14,3.625,2025
2022-12-14,3.625,2025
2022-12-14,3.875,2025
2022-12-14,4.125,2025
2022-12-14,4.375,2025
2022-12-14,5.625,2025
2022-12-14,2.250,longer_run
2022-12-14,2.250,longer_run
2022-12-14,2.250,longer_run
2022-12-14,2.250,longer_run
2022-12-14,2.375,longer_run
2022-12-14,2.375,longer_run
2022-12-14,2.500,longer_run
2022-12-14,2.500,longer_run
2022-12-14,2.500,longer_run
2022-12-14,2.500,longer_run
2022-12-14,2.500,longer_run
2022-12-14,2.500,longer_run
2022-12-14,2.500,longer_run
2022-12-14,2.500,longer_run
2022-12-14,2.500,longer_run
2022-12-14,2.625,longer_run
2022-12-14,3.000,longer_run
2022-12-14,3.250,longer_run
2023-03-22,4.875,2023
2023-03-22,5.125,2023
2023-03-22,5.125,2023
2023-03-22,5.125,2023
2023-03-22,5.125,2023
2023-03-22,5.125,2023
2023-03-22,5.125,2023
2023-03-22,5.125,2023
2023-03-22,5.125,2023
2023-03-22,5.125,2023
2023-03-22,5.125,2023
2023-03-22,5.375,2023
2023-03-22,5.375,2023
2023-03-22,5.375,2023
2023-03-22,5.625,2023
2023-03-22,5.625,2023
2023-03-22,5.625,2023
2023-03-22,5.875,2023
2023-03-22,3.375,2024
2023-03-22,3.625,2024
2023-03-22,3.875,2024
2023-03-22,3.875,2024
2023-03-22,4.125,2024
2023-03-22,4.125,2024
2023-03-22,4.125,2024
2023-03-22,4.125,2024
2023-03-22,4.125,2024
2023-03-22,4.375,2024
2023-03-22,4.375,2024
2023-03-22,4.625,2024
2023-03-22,4.625,2024
2023-03-22,4.625,2024
2023-03-22,5.125,2024
2023-03-22,5.125,2024
2023-03-22,5.375,2024
2023-03-22,5.625,2024
2023-03-22,2.375,2025
2023-03-22,2.625,2025
2023-03-22,2.625,2025
2023-03-22,2.875,2025
2023-03-22,2.875,2025
2023-03-22,2.875,2025
2023-03-22,2.875,2025
2023-03-22,3.125,2025
2023-03-22,3.125,2025
2023-03-22,3.125,2025
2023-03-22,3.125,2025
2023-03-22,3.375,2025
2023-03-22,3.375,2025
2023-03-22,3.625,2025
2023-03-22,3.875,2025
2023-03-22,4.125,2025
2023-03-22,4.375,2025
2023-03-22,5.625,2025
2023-03-22,2.250,longer_run
2023-03-22,2.250,longer_run
2023-03-22,2.250,longer_run
2023-03-22,2.375,longer_run
2023-03-22,2.375,longer_run
2023-03-22,2.500,longer_run
2023-03-22,2.500,longer_run
2023-03-22,2.500,longer_run
2023-03-22,2.500,longer_run
2023-03-22,2.500,longer_run
2023-03-22,2.500,longer_run
2023-03-22,2.500,longer_run
2023-03-22,2.500,longer_run
2023-03-22,2.625,longer_run
2023-03-22,3.000,longer_run
2023-03-22,3.250,longer_run
2023-03-22,3.625,longer_run
2023-06-14,5.125,2023
2023-06-14,5.125,2023
2023-06-14,5.375,2023
2023-06-14,5.375,2023
2023-06-14,5.375,2023
2023-06-14,5.375,2023
2023-06-14,5.625,2023
2023-06-14,5.625,2023
2023-06-14,5.625,2023
2023-06-14,5.625,2023
2023-06-14,5.625,2023
2023-06-14,5.625,2023
2023-06-14,5.625,2023
2023-06-14,5.625,2023
2023-06-14,5.625,2023
2023-06-14,5.875,2023
2023-06-14,5.875,2023
2023-06-14,6.125,2023
2023-06-14,3.625,2024
2023-06-14,4.125,2024
2023-06-14,4.375,2024
2023-06-14,4.375,2024
2023-06-14,4.375,2024
2023-06-14,4.375,2024
2023-06-14,4.375,2024
2023-06-14,4.375,2024
2023-06-14,4.625,2024
2023-06-14,4.625,2024
2023-06-14,4.875,2024
2023-06-14,4.875,2024
2023-06-14,5.125,2024
2023-06-14,5.125,2024
2023-06-14,5.125,2024
2023-06-14,5.625,2024
2023-06-14,5.625,2024
2023-06-14,5.875,2024
2023-06-14,2.375,2025
2023-06-14,2.625,2025
2023-06-14,2.625,2025
2023-06-14,2.875,2025
2023-06-14,3.125,2025
2023-06-14,3.125,2025
2023-06-14,3.125,2025
2023-06-14,3.375,2025
2023-06-14,3.375,2025
2023-06-14,3.375,2025
2023-06-14,3.625,2025
2023-06-14,3.625,2025
2023-06-14,3.875,2025
2023-06-14,4.125,2025
2023-06-14,4.125,2025
2023-06-14,4.625,2025
2023-06-14,4.875,2025
2023-06-14,5.625,2025
2023-06-14,2.375,longer_run
2023-06-14,2.375,longer_run
2023-06-14,2.375,longer_run
2023-06-14,2.500,longer_run
2023-06-14,2.500,longer_run
2023-06-14,2.500,longer_run
2023-06-14,2.500,longer_run
2023-06-14,2.500,longer_run
2023-06-14,2.500,longer_run
2023-06-14,2.500,longer_run
2023-06-14,2.625,longer_run
2023-06-14,2.625,longer_run
2023-06-14,2.750,longer_run
2023-06-14,2.750,longer_run
2023-06-14,3.000,longer_run
2023-06-14,3.250,longer_run
2023-06-14,3.625,longer_run
2023-09-20,5.375,2023
2023-09-20,5.375,2023
2023-09-20,5.375,2023
2023-09-20,5.375,2023
2023-09-20,5.375,2023
2023-09-20,5.375,2023
2023-09-20,5.375,2023
2023-09-20,5.625,2023
2023-09-20,5.625,2023
2023-09-20,5.625,2023
2023-09-20,5.625,2023
2023-09-20,5.625,2023
2023-09-20,5.625,2023
2023-09-20,5.625,2023
2023-09-20,5.625,2023
2023-09-20,5.625,2023
2023-09-20,5.625,2023
2023-09-20,5.625,2023
2023-09-20,5.625,2023
2023-09-20,4.375,2024
2023-09-20,4.375,2024
2023-09-20,4.625,2024
2023-09-20,4.625,2024
2023-09-20,4.625,2024
2023-09-20,4.875,2024
2023-09-20,4.875,2024
2023-09-20,4.875,2024
2023-09-20,4.875,2024
2023-09-20,5.125,2024
2023-09-20,5.125,2024
2023-09-20,5.125,2024
2023-09-20,5.125,2024
2023-09-20,5.375,2024
2023-09-20,5.375,2024
2023-09-20,5.375,2024
2023-09-20,5.375,2024
2023-09-20,5.625,2024
2023-09-20,6.125,2024
2023-09-20,2.625,2025
2023-09-20,2.875,2025
2023-09-20,3.125,2025
2023-09-20,3.375,2025
2023-09-20,3.375,2025
2023-09-20,3.375,2025
2023-09-20,3.625,2025
2023-09-20,3.625,2025
2023-09-20,3.625,2025
2023-09-20,3.875,2025
2023-09-20,3.875,2025
2023-09-20,4.125,2025
2023-09-20,4.125,2025
2023-09-20,4.125,2025
2023-09-20,4.625,2025
2023-09-20,4.875,2025
2023-09-20,5.125,2025
2023-09-20,5.375,2025
2023-09-20,5.625,2025
2023-09-20,2.375,2026
2023-09-20,2.375,2026
2023-09-20,2.375,2026
2023-09-20,2.500,2026
2023-09-20,2.625,2026
2023-09-20,2.625,2026
2023-09-20,2.625,2026
2023-09-20,2.625,2026
2023-09-20,2.625,2026
2023-09-20,2.875,2026
2023-09-20,2.875,2026
2023-09-20,3.125,2026
2023-09-20,3.125,2026
2023-09-20,3.875,2026
2023-09-20,4.125,2026
2023-09-20,4.125,2026
2023-09-20,4.625,2026
2023-09-20,4.875,2026
2023-09-20,4.875,2026
2023-09-20,2.375,longer_run
2023-09-20,2.375,longer_run
2023-09-20,2.375,longer_run
2023-09-20,2.500,longer_run
2023-09-20,2.500,longer_run
2023-09-20,2.500,longer_run
2023-09-20,2.500,longer_run
2023-09-20,2.500,longer_run
2023-09-20,2.500,longer_run
2023-09-20,2.500,longer_run
2023-09-20,2.500,longer_run
2023-09-20,2.625,longer_run
2023-09-20,2.625,longer_run
2023-09-20,3.000,longer_run
2023-09-20,3.250,longer_run
2023-09-20,3.500,longer_run
2023-09-20,3.750,longer_run
2023-09-20,3.750,longer_run
2023-12-13,5.375,2023
2023-12-13,5.375,2023
2023-12-13,5.375,2023
2023-12-13,5.375,2023
2023-12-13,5.375,2023
2023-12-13,5.375,2023
2023-12-13,5.375,2023
2023-12-13,5.375,2023
2023-12-13,5.375,2023
2023-12-13,5.375,2023
2023-12-13,5.375,2023
2023-12-13,5.375,2023
2023-12-13,5.375,2023
2023-12-13,5.375,2023
2023-12-13,5.375,2023
2023-12-13,5.375,2023
2023-12-13,5.375,2023
2023-12-13,5.375,2023
2023-12-13,5.375,2023
2023-12-13,3.875,2024
2023-12-13,4.375,2024
2023-12-13,4.375,2024
2023-12-13,4.375,2024
2023-12-13,4.375,2024
2023-12-13,4.625,2024
2023-12-13,4.625,2024
2023-12-13,4.625,2024
2023-12-13,4.625,2024
2023-12-13,4.625,2024
2023-12-13,4.625,2024
2023-12-13,4.875,2024
2023-12-13,4.875,2024
2023-12-13,4.875,2024
2023-12-13,4.875,2024
2023-12-13,4.875,2024
2023-12-13,5.125,2024
2023-12-13,5.375,2024
2023-12-13,5.375,2024
2023-12-13,2.375,2025
2023-12-13,2.875,2025
2023-12-13,3.125,2025
2023-12-13,3.125,2025
2023-12-13,3.375,2025
2023-12-13,3.375,2025
2023-12-13,3.375,2025
2023-12-13,3.375,2025
2023-12-13,3.375,2025
2023-12-13,3.625,2025
2023-12-13,3.625,2025
2023-12-13,3.625,2025
2023-12-13,3.875,2025
2023-12-13,3.875,2025
2023-12-13,3.875,2025
2023-12-13,3.875,2025
2023-12-13,4.125,2025
2023-12-13,4.375,2025
2023-12-13,5.375,2025
2023-12-13,2.375,2026
2023-12-13,2.375,2026
2023-12-13,2.375,2026
2023-12-13,2.500,2026
2023-12-13,2.625,2026
2023-12-13,2.625,2026
2023-12-13,2.625,2026
2023-12-13,2.625,2026
2023-12-13,2.875,2026
2023-12-13,2.875,2026
2023-12-13,2.875,2026
2023-12-13,2.875,2026
2023-12-13,3.125,2026
2023-12-13,3.125,2026
2023-12-13,3.125,2026
2023-12-13,3.125,2026
2023-12-13,3.375,2026
2023-12-13,3.625,2026
2023-12-13,4.875,2026
2023-12-13,2.375,longer_run
2023-12-13,2.375,longer_run
2023-12-13,2.375,longer_run
2023-12-13,2.500,longer_run
2023-12-13,2.500,longer_run
2023-12-13,2.500,longer_run
2023-12-13,2.500,longer_run
2023-12-13,2.500,longer_run
2023-12-13,2.500,longer_run
2023-12-13,2.500,longer_run
2023-12-13,2.500,longer_run
2023-12-13,2.625,longer_run
2023-12-13,2.750,longer_run
2023-12-13,2.875,longer_run
2023-12-13,3.000,longer_run
2023-12-13,3.500,longer_run
2023-12-13,3.500,longer_run
2023-12-13,3.750,longer_run
2024-03-20,4.375,2024
2024-03-20,4.625,2024
2024-03-20,4.625,2024
2024-03-20,4.625,2024
2024-03-20,4.625,2024
2024-03-20,4.625,2024
2024-03-20,4.625,2024
2024-03-20,4.625,2024
2024-03-20,4.625,2024
2024-03-20,4.625,2024
2024-03-20,4.875,2024
2024-03-20,4.875,2024
2024-03-20,4.875,2024
2024-03-20,4.875,2024
2024-03-20,4.875,2024
2024-03-20,5.125,2024
2024-03-20,5.125,2024
2024-03-20,5.375,2024
2024-03-20,5.375,2024
2024-03-20,2.625,2025
2024-03-20,3.125,2025
2024-03-20,3.125,2025
2024-03-20,3.375,2025
2024-03-20,3.625,2025
2024-03-20,3.625,2025
2024-03-20,3.625,2025
2024-03-20,3.625,2025
2024-03-20,3.625,2025
2024-03-20,3.875,2025
2024-03-20,3.875,2025
2024-03-20,3.875,2025
2024-03-20,3.875,2025
2024-03-20,3.875,2025
2024-03-20,3.875,2025
2024-03-20,4.125,2025
2024-03-20,4.375,2025
2024-03-20,4.375,2025
2024-03-20,5.375,2025
2024-03-20,2.375,2026
2024-03-20,2.375,2026
2024-03-20,2.500,2026
2024-03-20,2.625,2026
2024-03-20,2.875,2026
2024-03-20,2.875,2026
2024-03-20,2.875,2026
2024-03-20,2.875,2026
2024-03-20,2.875,2026
2024-03-20,3.125,2026
2024-03-20,3.125,2026
2024-03-20,3.125,2026
2024-03-20,3.125,2026
2024-03-20,3.125,2026
2024-03-20,3.125,2026
2024-03-20,3.375,2026
2024-03-20,3.375,2026
2024-03-20,3.625,2026
2024-03-20,4.875,2026
2024-03-20,2.375,longer_run
2024-03-20,2.500,longer_run
2024-03-20,2.500,longer_run
2024-03-20,2.500,longer_run
2024-03-20,2.500,longer_run
2024-03-20,2.500,longer_run
2024-03-20,2.500,longer_run
2024-03-20,2.500,longer_run
2024-03-20,2.500,longer_run
2024-03-20,2.625,longer_run
2024-03-20,2.750,longer_run
2024-03-20,3.000,longer_run
2024-03-20,3.000,longer_run
2024-03-20,3.000,longer_run
2024-03-20,3.125,longer_run
2024-03-20,3.500,longer_run
2024-03-20,3.500,longer_run
2024-03-20,3.750,longer_run
2024-06-12,4.875,2024
2024-06-12,4.875,2024
2024-06-12,4.875,2024
2024-06-12,4.875,2024
2024-06-12,4.875,2024
2024-06-12,4.875,2024
2024-06-12,4.875,2024
2024-06-12,4.875,2024
2024-06-12,5.125,2024
2024-06-12,5.125,2024
2024-06-12,5.125,2024
2024-06-12,5.125,2024
2024-06-12,5.125,2024
2024-06-12,5.125,2024
2024-06-12,5.125,2024
2024-06-12,5.375,2024
2024-06-12,5.375,2024
2024-06-12,5.375,2024
2024-06-12,5.375,2024
2024-06-12,2.875,2025
2024-06-12,3.625,2025
2024-06-12,3.875,2025
2024-06-12,3.875,2025
2024-06-12,4.125,2025
2024-06-12,4.125,2025
2024-06-12,4.125,2025
2024-06-12,4.125,2025
2024-06-12,4.125,2025
2024-06-12,4.125,2025
2024-06-12,4.125,2025
2024-06-12,4.125,2025
2024-06-12,4.125,2025
2024-06-12,4.375,2025
2024-06-12,4.375,2025
2024-06-12,4.375,2025
2024-06-12,4.375,2025
2024-06-12,4.875,2025
2024-06-12,5.375,2025
2024-06-12,2.375,2026
2024-06-12,2.625,2026
2024-06-12,2.875,2026
2024-06-12,2.875,2026
2024-06-12,3.125,2026
2024-06-12,3.125,2026
2024-06-12,3.125,2026
2024-06-12,3.125,2026
2024-06-12,3.125,2026
2024-06-12,3.125,2026
2024-06-12,3.125,2026
2024-06-12,3.375,2026
2024-06-12,3.375,2026
2024-06-12,3.375,2026
2024-06-12,3.625,2026
2024-06-12,3.625,2026
2024-06-12,3.625,2026
2024-06-12,4.125,2026
2024-06-12,4.875,2026
2024-06-12,2.375,longer_run
2024-06-12,2.500,longer_run
2024-06-12,2.500,longer_run
2024-06-12,2.500,longer_run
2024-06-12,2.500,longer_run
2024-06-12,2.500,longer_run
2024-06-12,2.625,longer_run
2024-06-12,2.750,longer_run
2024-06-12,2.750,longer_run
2024-06-12,2.750,longer_run
2024-06-12,3.000,longer_run
2024-06-12,3.000,longer_run
2024-06-12,3.000,longer_run
2024-06-12,3.000,longer_run
2024-06-12,3.125,longer_run
2024-06-12,3.500,longer_run
2024-06-12,3.500,longer_run
2024-06-12,3.625,longer_run
2024-06-12,3.750,longer_run
2024-09-18,4.125,2024
2024-09-18,4.375,2024
2024-09-18,4.375,2024
2024-09-18,4.375,2024
2024-09-18,4.375,2024
2024-09-18,4.375,2024
2024-09-18,4.375,2024
2024-09-18,4.375,2024
2024-09-18,4.375,2024
2024-09-18,4.375,2024
2024-09-18,4.625,2024
2024-09-18,4.625,2024
2024-09-18,4.625,2024
2024-09-18,4.625,2024
2024-09-18,4.625,2024
2024-09-18,4.625,2024
2024-09-18,4.625,2024
2024-09-18,4.875,2024
2024-09-18,4.875,2024
2024-09-18,2.875,2025
2024-09-18,2.875,2025
2024-09-18,3.125,2025
2024-09-18,3.125,2025
2024-09-18,3.125,2025
2024-09-18,3.125,2025
2024-09-18,3.125,2025
2024-09-18,3.125,2025
2024-09-18,3.375,2025
2024-09-18,3.375,2025
2024-09-18,3.375,2025
2024-09-18,3.375,2025
2024-09-18,3.375,2025
2024-09-18,3.375,2025
2024-09-18,3.625,2025
2024-09-18,3.625,2025
2024-09-18,3.625,2025
2024-09-18,3.875,2025
2024-09-18,4.125,2025
2024-09-18,2.375,2026
2024-09-18,2.625,2026
2024-09-18,2.625,2026
2024-09-18,2.625,2026
2024-09-18,2.875,2026
2024-09-18,2.875,2026
2024-09-18,2.875,2026
2024-09-18,2.875,2026
2024-09-18,2.875,2026
2024-09-18,2.875,2026
2024-09-18,3.125,2026
2024-09-18,3.125,2026
2024-09-18,3.375,2026
2024-09-18,3.375,2026
2024-09-18,3.375,2026
2024-09-18,3.625,2026
2024-09-18,3.625,2026
2024-09-18,3.625,2026
2024-09-18,3.875,2026
2024-09-18,2.375,2027
2024-09-18,2.375,2027
2024-09-18,2.625,2027
2024-09-18,2.625,2027
2024-09-18,2.625,2027
2024-09-18,2.875,2027
2024-09-18,2.875,2027
2024-09-18,2.875,2027
2024-09-18,2.875,2027
2024-09-18,2.875,2027
2024-09-18,3.125,2027
2024-09-18,3.125,2027
2024-09-18,3.375,2027
2024-09-18,3.375,2027
2024-09-18,3.375,2027
2024-09-18,3.625,2027
2024-09-18,3.625,2027
2024-09-18,3.625,2027
2024-09-18,3.875,2027
2024-09-18,2.375,longer_run
2024-09-18,2.500,longer_run
2024-09-18,2.500,longer_run
2024-09-18,2.500,longer_run
2024-09-18,2.625,longer_run
2024-09-18,2.750,longer_run
2024-09-18,2.750,longer_run
2024-09-18,2.750,longer_run
2024-09-18,2.875,longer_run
2024-09-18,2.875,longer_run
2024-09-18,3.000,longer_run
2024-09-18,3.000,longer_run
2024-09-18,3.250,longer_run
2024-09-18,3.375,longer_run
2024-09-18,3.375,longer_run
2024-09-18,3.500,longer_run
2024-09-18,3.500,longer_run
2024-09-18,3.625,longer_run
2024-09-18,3.750,longer_run
2024-12-18,4.375,2024
2024-12-18,4.375,2024
2024-12-18,4.375,2024
2024-12-18,4.375,2024
2024-12-18,4.375,2024
2024-12-18,4.375,2024
2024-12-18,4.375,2024
2024-12-18,4.375,2024
2024-12-18,4.375,2024
2024-12-18,4.375,2024
2024-12-18,4.375,2024
2024-12-18,4.375,2024
2024-12-18,4.375,2024
2024-12-18,4.375,2024
2024-12-18,4.375,2024
2024-12-18,4.625,2024
2024-12-18,4.625,2024
2024-12-18,4.625,2024
2024-12-18,4.625,2024
2024-12-18,3.125,2025
2024-12-18,3.375,2025
2024-12-18,3.625,2025
2024-12-18,3.625,2025
2024-12-18,3.625,2025
2024-12-18,3.875,2025
2024-12-18,3.875,2025
2024-12-18,3.875,2025
2024-12-18,3.875,2025
2024-12-18,3.875,2025
2024-12-18,3.875,2025
2024-12-18,3.875,2025
2024-12-18,3.875,2025
2024-12-18,3.875,2025
2024-12-18,3.875,2025
2024-12-18,4.125,2025
2024-12-18,4.125,2025
2024-12-18,4.125,2025
2024-12-18,4.375,2025
2024-12-18,2.375,2026
2024-12-18,2.750,2026
2024-12-18,2.875,2026
2024-12-18,3.125,2026
2024-12-18,3.125,2026
2024-12-18,3.125,2026
2024-12-18,3.125,2026
2024-12-18,3.375,2026
2024-12-18,3.375,2026
2024-12-18,3.375,2026
2024-12-18,3.375,2026
2024-12-18,3.375,2026
2024-12-18,3.625,2026
2024-12-18,3.625,2026
2024-12-18,3.625,2026
2024-12-18,3.625,2026
2024-12-18,3.875,2026
2024-12-18,3.875,2026
2024-12-18,3.875,2026
2024-12-18,2.375,2027
2024-12-18,2.625,2027
2024-12-18,2.750,2027
2024-12-18,2.875,2027
2024-12-18,2.875,2027
2024-12-18,3.125,2027
2024-12-18,3.125,2027
2024-12-18,3.125,2027
2024-12-18,3.125,2027
2024-12-18,3.125,2027
2024-12-18,3.125,2027
2024-12-18,3.125,2027
2024-12-18,3.375,2027
2024-12-18,3.625,2027
2024-12-18,3.625,2027
2024-12-18,3.625,2027
2024-12-18,3.625,2027
2024-12-18,3.875,2027
2024-12-18,3.875,2027
2024-12-18,2.375,longer_run
2024-12-18,2.500,longer_run
2024-12-18,2.625,longer_run
2024-12-18,2.750,longer_run
2024-12-18,2.875,longer_run
2024-12-18,2.875,longer_run
2024-12-18,2.875,longer_run
2024-12-18,2.875,longer_run
2024-12-18,3.000,longer_run
2024-12-18,3.000,longer_run
2024-12-18,3.000,longer_run
2024-12-18,3.125,longer_run
2024-12-18,3.375,longer_run
2024-12-18,3.500,longer_run
2024-12-18,3.500,longer_run
2024-12-18,3.625,longer_run
2024-12-18,3.625,longer_run
2024-12-18,3.750,longer_run
2024-12-18,3.875,longer_run
2025-03-19,3.625,2025
2025-03-19,3.625,2025
2025-03-19,3.875,2025
2025-03-19,3.875,2025
2025-03-19,3.875,2025
2025-03-19,3.875,2025
2025-03-19,3.875,2025
2025-03-19,3.875,2025
2025-03-19,3.875,2025
2025-03-19,3.875,2025
2025-03-19,3.875,2025
2025-03-19,4.125,2025
2025-03-19,4.125,2025
2025-03-19,4.125,2025
2025-03-19,4.125,2025
2025-03-19,4.375,2025
2025-03-19,4.375,2025
2025-03-19,4.375,2025
2025-03-19,4.375,2025
2025-03-19,2.875,2026
2025-03-19,2.875,2026
2025-03-19,2.875,2026
2025-03-19,3.125,2026
2025-03-19,3.375,2026
2025-03-19,3.375,2026
2025-03-19,3.375,2026
2025-03-19,3.375,2026
2025-03-19,3.375,2026
2025-03-19,3.375,2026
2025-03-19,3.375,2026
2025-03-19,3.375,2026
2025-03-19,3.375,2026
2025-03-19,3.625,2026
2025-03-19,3.625,2026
2025-03-19,3.875,2026
2025-03-19,4.125,2026
2025-03-19,4.125,2026
2025-03-19,4.125,2026
2025-03-19,2.625,2027
2025-03-19,2.625,2027
2025-03-19,2.875,2027
2025-03-19,2.875,2027
2025-03-19,2.875,2027
2025-03-19,3.125,2027
2025-03-19,3.125,2027
2025-03-19,3.125,2027
2025-03-19,3.125,2027
2025-03-19,3.125,2027
2025-03-19,3.125,2027
2025-03-19,3.375,2027
2025-03-19,3.375,2027
2025-03-19,3.625,2027
2025-03-19,3.625,2027
2025-03-19,3.625,2027
2025-03-19,3.625,2027
2025-03-19,3.875,2027
2025-03-19,3.875,2027
2025-03-19,2.500,longer_run
2025-03-19,2.500,longer_run
2025-03-19,2.625,longer_run
2025-03-19,2.625,longer_run
2025-03-19,2.875,longer_run
2025-03-19,2.875,longer_run
2025-03-19,2.875,longer_run
2025-03-19,2.875,longer_run
2025-03-19,3.000,longer_run
2025-03-19,3.000,longer_run
2025-03-19,3.000,longer_run
2025-03-19,3.125,longer_run
2025-03-19,3.375,longer_run
2025-03-19,3.500,longer_run
2025-03-19,3.500,longer_run
2025-03-19,3.625,longer_run
2025-03-19,3.625,longer_run
2025-03-19,3.750,longer_run
2025-03-19,3.875,longer_run
2025-06-18,3.625,2025
2025-06-18,3.625,2025
2025-06-18,3.875,2025
2025-06-18,3.875,2025
2025-06-18,3.875,2025
2025-06-18,3.875,2025
2025-06-18,3.875,2025
2025-06-18,3.875,2025
2025-06-18,3.875,2025
2025-06-18,3.875,2025
2025-06-18,4.125,2025
2025-06-18,4.125,2025
2025-06-18,4.375,2025
2025-06-18,4.375,2025
2025-06-18,4.375,2025
2025-06-18,4.375,2025
2025-06-18,4.375,2025
2025-06-18,4.375,2025
2025-06-18,4.375,2025
2025-06-18,2.625,2026
2025-06-18,2.875,2026
2025-06-18,3.125,2026
2025-06-18,3.125,2026
2025-06-18,3.375,2026
2025-06-18,3.375,2026
2025-06-18,3.375,2026
2025-06-18,3.375,2026
2025-06-18,3.375,2026
2025-06-18,3.625,2026
2025-06-18,3.625,2026
2025-06-18,3.625,2026
2025-06-18,3.625,2026
2025-06-18,3.875,2026
2025-06-18,3.875,2026
2025-06-18,3.875,2026
2025-06-18,3.875,2026
2025-06-18,3.875,2026
2025-06-18,4.125,2026
2025-06-18,2.625,2027
2025-06-18,2.625,2027
2025-06-18,2.875,2027
2025-06-18,2.875,2027
2025-06-18,2.875,2027
2025-06-18,3.125,2027
2025-06-18,3.125,2027
2025-06-18,3.125,2027
2025-06-18,3.375,2027
2025-06-18,3.375,2027
2025-06-18,3.375,2027
2025-06-18,3.375,2027
2025-06-18,3.375,2027
2025-06-18,3.375,2027
2025-06-18,3.625,2027
2025-06-18,3.625,2027
2025-06-18,3.625,2027
2025-06-18,3.875,2027
2025-06-18,3.875,2027
2025-06-18,2.500,longer_run
2025-06-18,2.500,longer_run
2025-06-18,2.625,longer_run
2025-06-18,2.625,longer_run
2025-06-18,2.875,longer_run
2025-06-18,2.875,longer_run
2025-06-18,2.875,longer_run
2025-06-18,2.875,longer_run
2025-06-18,3.000,longer_run
2025-06-18,3.000,longer_run
2025-06-18,3.000,longer_run
2025-06-18,3.125,longer_run
2025-06-18,3.375,longer_run
2025-06-18,3.500,longer_run
2025-06-18,3.500,longer_run
2025-06-18,3.625,longer_run
2025-06-18,3.625,longer_run
2025-06-18,3.750,longer_run
2025-06-18,3.875,longer_run
