meeting_date,midpoint,year,num_participants
2021-03-17,0.125,2021,18
2021-03-17,0.125,2022,14
2021-03-17,0.375,2022,3
2021-03-17,0.625,2022,1
2021-03-17,0.125,2023,11
2021-03-17,0.375,2023,1
2021-03-17,0.625,2023,1
2021-03-17,0.875,2023,3
2021-03-17,1.125,2023,2
2021-03-17,2.000,longer_run,1
2021-03-17,2.250,longer_run,4
2021-03-17,2.375,longer_run,1
2021-03-17,2.500,longer_run,8
2021-03-17,2.750,longer_run,1
2021-03-17,3.000,longer_run,2
2021-06-16,0.125,2021,18
2021-06-16,0.125,2022,11
2021-06-16,0.375,2022,5
2021-06-16,0.625,2022,2
2021-06-16,0.125,2023,5
2021-06-16,0.375,2023,2
2021-06-16,0.625,2023,3
2021-06-16,0.875,2023,3
2021-06-16,1.125,2023,3
2021-06-16,1.625,2023,2
2021-06-16,2.000,longer_run,1
2021-06-16,2.250,longer_run,4
2021-06-16,2.375,longer_run,1
2021-06-16,2.500,longer_run,8
2021-06-16,2.750,longer_run,1
2021-06-16,3.000,longer_run,2
2021-09-22,0.125,2021,18
2021-09-22,0.125,2022,9
2021-09-22,0.375,2022,6
2021-09-22,0.625,2022,3
2021-09-22,0.125,2023,1
2021-09-22,0.375,2023,4
2021-09-22,0.625,2023,3
2021-09-22,0.875,2023,1
2021-09-22,1.125,2023,6
2021-09-22,1.625,2023,3
2021-09-22,0.625,2024,1
2021-09-22,0.875,2024,3
2021-09-22,1.125,2024,3
2021-09-22,1.625,2024,2
2021-09-22,1.875,2024,1
2021-09-22,2.125,2024,6
2021-09-22,2.375,2024,1
2021-09-22,2.625,2024,1
2021-09-22,2.000,longer_run,1
2021-09-22,2.250,longer_run,4
2021-09-22,2.375,longer_run,1
2021-09-22,2.500,longer_run,9
2021-09-22,3.000,longer_run,2
2021-12-15,0.125,2021,18
2021-12-15,0.375,2022,1
2021-12-15,0.625,2022,5
2021-12-15,0.875,2022,10
2021-12-15,1.125,2022,2
2021-12-15,1.125,2023,2
2021-12-15,1.375,2023,5
2021-12-15,1.625,2023,3
2021-12-15,1.875,2023,5
2021-12-15,2.125,2023,3
2021-12-15,1.875,2024,5
2021-12-15,2.125,2024,5
2021-12-15,2.250,2024,1
2021-12-15,2.375,2024,2
2021-12-15,2.875,2024,4
2021-12-15,3.125,2024,1
2021-12-15,2.000,longer_run,1
2021-12-15,2.250,longer_run,4
2021-12-15,2.375,longer_run,1
2021-12-15,2.500,longer_run,9
2021-12-15,3.000,longer_run,2
2022-03-16,1.375,2022,1
2022-03-16,1.625,2022,3
2022-03-16,1.875,2022,5
2022-03-16,2.125,2022,2
2022-03-16,2.375,2022,3
2022-03-16,2.625,2022,1
2022-03-16,3.125,2022,1
2022-03-16,2.125,2023,1
2022-03-16,2.375,2023,4
2022-03-16,2.625,2023,3
2022-03-16,2.875,2023,3
2022-03-16,3.125,2023,2
2022-03-16,3.375,2023,1
2022-03-16,3.625,2023,2
2022-03-16,2.125,2024,2
2022-03-16,2.250,2024,1
2022-03-16,2.375,2024,3
2022-03-16,2.625,2024,2
2022-03-16,2.875,2024,3
2022-03-16,3.125,2024,1
2022-03-16,3.375,2024,2
2022-03-16,3.625,2024,2
2022-03-16,2.000,longer_run,1
2022-03-16,2.250,longer_run,6
2022-03-16,2.375,longer_run,1
2022-03-16,2.500,longer_run,5
2022-03-16,3.000,longer_run,2
2022-06-15,3.125,2022,5
2022-06-15,3.375,2022,8
2022-06-15,3.625,2022,4
2022-06-15,3.875,2022,1
2022-06-15,2.875,2023,1
2022-06-15,3.375,2023,1
2022-06-15,3.625,2023,7
2022-06-15,3.875,2023,4
2022-06-15,4.125,2023,4
2022-06-15,4.375,2023,1
2022-06-15,2.125,2024,1
2022-06-15,2.250,2024,1
2022-06-15,2.875,2024,2
2022-06-15,3.125,2024,2
2022-06-15,3.375,2024,8
2022-06-15,3.625,2024,2
2022-06-15,3.875,2024,1
2022-06-15,4.125,2024,1
2022-06-15,2.000,longer_run,1
2022-06-15,2.250,longer_run,6
2022-06-15,2.375,longer_run,1
2022-06-15,2.500,longer_run,7
2022-06-15,3.000,longer_run,2
2022-09-21,3.875,2022,1
2022-09-21,4.125,2022,8
2022-09-21,4.375,2022,9
2022-09-21,4.625,2022,1
2022-09-21,3.875,2023,1
2022-09-21,4.375,2023,6
2022-09-21,4.625,2023,6
2022-09-21,4.875,2023,6
2022-09-21,2.625,2024,1
2022-09-21,2.875,2024,1
2022-09-21,3.125,2024,1
2022-09-21,3.375,2024,3
2022-09-21,3.625,2024,3
2022-09-21,3.875,2024,4
2022-09-21,4.125,2024,2
2022-09-21,4.375,2024,2
2022-09-21,4.625,2024,2
2022-09-21,2.375,2025,4
2022-09-21,2.625,2025,3
2022-09-21,2.875,2025,3
2022-09-21,3.125,2025,4
2022-09-21,3.375,2025,2
2022-09-21,3.625,2025,2
2022-09-21,4.625,2025,1
2022-09-21,2.250,longer_run,6
2022-09-21,2.375,longer_run,1
2022-09-21,2.500,longer_run,8
2022-09-21,2.625,longer_run,1
2022-09-21,3.000,longer_run,2
2022-12-14,4.375,2022,19
2022-12-14,4.875,2023,2
2022-12-14,5.125,2023,10
2022-12-14,5.375,2023,5
2022-12-14,5.625,2023,2
2022-12-14,3.125,2024,1
2022-12-14,3.375,2024,1
2022-12-14,3.875,2024,3
2022-12-14,4.125,2024,7
2022-12-14,4.625,2024,2
2022-12-14,4.875,2024,3
2022-12-14,5.125,2024,1
2022-12-14,5.625,2024,1
2022-12-14,2.375,2025,1
2022-12-14,2.625,2025,4
2022-12-14,2.875,2025,2
2022-12-14,3.125,2025,4
2022-12-14,3.375,2025,2
2022-12-14,3.625,2025,2
2022-12-14,3.875,2025,1
2022-12-14,4.125,2025,1
2022-12-14,4.375,2025,1
2022-12-14,5.625,2025,1
2022-12-14,2.250,longer_run,4
2022-12-14,2.375,longer_run,2
2022-12-14,2.500,longer_run,9
2022-12-14,2.625,longer_run,1
2022-12-14,3.000,longer_run,1
2022-12-14,3.250,longer_run,1
2023-03-22,4.875,2023,1
2023-03-22,5.125,2023,10
2023-03-22,5.375,2023,3
2023-03-22,5.625,2023,3
2023-03-22,5.875,2023,1
2023-03-22,3.375,2024,1
2023-03-22,3.625,2024,1
2023-03-22,3.875,2024,2
2023-03-22,4.125,2024,5
2023-03-22,4.375,2024,2
2023-03-22,4.625,2024,3
2023-03-22,5.125,2024,2
2023-03-22,5.375,2024,1
2023-03-22,5.625,2024,1
2023-03-22,2.375,2025,1
2023-03-22,2.625,2025,2
2023-03-22,2.875,2025,4
2023-03-22,3.125,2025,4
2023-03-22,3.375,2025,2
2023-03-22,3.625,2025,1
2023-03-22,3.875,2025,1
2023-03-22,4.125,2025,1
2023-03-22,4.375,2025,1
2023-03-22,5.625,2025,1
2023-03-22,2.250,longer_run,3
2023-03-22,2.375,longer_run,2
2023-03-22,2.500,longer_run,8
2023-03-22,2.625,longer_run,1
2023-03-22,3.000,longer_run,1
2023-03-22,3.250,longer_run,1
2023-03-22,3.625,longer_run,1
2023-06-14,5.125,2023,2
2023-06-14,5.375,2023,4
2023-06-14,5.625,2023,9
2023-06-14,5.875,2023,2
2023-06-14,6.125,2023,1
2023-06-14,3.625,2024,1
2023-06-14,4.125,2024,1
2023-06-14,4.375,2024,6
2023-06-14,4.625,2024,2
2023-06-14,4.875,2024,2
2023-06-14,5.125,2024,3
2023-06-14,5.625,2024,2
2023-06-14,5.875,2024,1
2023-06-14,2.375,2025,1
2023-06-14,2.625,2025,2
2023-06-14,2.875,2025,1
2023-06-14,3.125,2025,3
2023-06-14,3.375,2025,3
2023-06-14,3.625,2025,2
2023-06-14,3.875,2025,1
2023-06-14,4.125,2025,2
2023-06-14,4.625,2025,1
2023-06-14,4.875,2025,1
2023-06-14,5.625,2025,1
2023-06-14,2.375,longer_run,3
2023-06-14,2.500,longer_run,7
2023-06-14,2.625,longer_run,2
2023-06-14,2.750,longer_run,2
2023-06-14,3.000,longer_run,1
2023-06-14,3.250,longer_run,1
2023-06-14,3.625,longer_run,1
2023-09-20,5.375,2023,7
2023-09-20,5.625,2023,12
2023-09-20,4.375,2024,2
2023-09-20,4.625,2024,3
2023-09-20,4.875,2024,4
2023-09-20,5.125,2024,4
2023-09-20,5.375,2024,4
2023-09-20,5.625,2024,1
2023-09-20,6.125,2024,1
2023-09-20,2.625,2025,1
2023-09-20,2.875,2025,1
2023-09-20,3.125,2025,1
2023-09-20,3.375,2025,3
2023-09-20,3.625,2025,3
2023-09-20,3.875,2025,2
2023-09-20,4.125,2025,3
2023-09-20,4.625,2025,1
2023-09-20,4.875,2025,1
2023-09-20,5.125,2025,1
2023-09-20,5.375,2025,1
2023-09-20,5.625,2025,1
2023-09-20,2.375,2026,3
2023-09-20,2.500,2026,1
2023-09-20,2.625,2026,5
2023-09-20,2.875,2026,2
2023-09-20,3.125,2026,2
2023-09-20,3.875,2026,1
2023-09-20,4.125,2026,2
2023-09-20,4.625,2026,1
2023-09-20,4.875,2026,2
2023-09-20,2.375,longer_run,3
2023-09-20,2.500,longer_run,8
2023-09-20,2.625,longer_run,2
2023-09-20,3.000,longer_run,1
2023-09-20,3.250,longer_run,1
2023-09-20,3.500,longer_run,1
2023-09-20,3.750,longer_run,2
2023-12-13,5.375,2023,19
2023-12-13,3.875,2024,1
2023-12-13,4.375,2024,4
2023-12-13,4.625,2024,6
2023-12-13,4.875,2024,5
2023-12-13,5.125,2024,1
2023-12-13,5.375,2024,2
2023-12-13,2.375,2025,1
2023-12-13,2.875,2025,1
2023-12-13,3.125,2025,2
2023-12-13,3.375,2025,5
2023-12-13,3.625,2025,3
2023-12-13,3.875,2025,4
2023-12-13,4.125,2025,1
2023-12-13,4.375,2025,1
2023-12-13,5.375,2025,1
2023-12-13,2.375,2026,3
2023-12-13,2.500,2026,1
2023-12-13,2.625,2026,4
2023-12-13,2.875,2026,4
2023-12-13,3.125,2026,4
2023-12-13,3.375,2026,1
2023-12-13,3.625,2026,1
2023-12-13,4.875,2026,1
2023-12-13,2.375,longer_run,3
2023-12-13,2.500,longer_run,8
2023-12-13,2.625,longer_run,1
2023-12-13,2.750,longer_run,1
2023-12-13,2.875,longer_run,1
2023-12-13,3.000,longer_run,1
2023-12-13,3.500,longer_run,2
2023-12-13,3.750,longer_run,1
2024-03-20,4.375,2024,1
2024-03-20,4.625,2024,9
2024-03-20,4.875,2024,5
2024-03-20,5.125,2024,2
2024-03-20,5.375,2024,2
2024-03-20,2.625,2025,1
2024-03-20,3.125,2025,2
2024-03-20,3.375,2025,1
2024-03-20,3.625,2025,5
2024-03-20,3.875,2025,6
2024-03-20,4.125,2025,1
2024-03-20,4.375,2025,2
2024-03-20,5.375,2025,1
2024-03-20,2.375,2026,2
2024-03-20,2.500,2026,1
2024-03-20,2.625,2026,1
2024-03-20,2.875,2026,5
2024-03-20,3.125,2026,6
2024-03-20,3.375,2026,2
2024-03-20,3.625,2026,1
2024-03-20,4.875,2026,1
2024-03-20,2.375,longer_run,1
2024-03-20,2.500,longer_run,8
2024-03-20,2.625,longer_run,1
2024-03-20,2.750,longer_run,1
2024-03-20,3.000,longer_run,3
2024-03-20,3.125,longer_run,1
2024-03-20,3.500,longer_run,2
2024-03-20,3.750,longer_run,1
2024-06-12,4.875,2024,8
2024-06-12,5.125,2024,7
2024-06-12,5.375,2024,4
2024-06-12,2.875,2025,1
2024-06-12,3.625,2025,1
2024-06-12,3.875,2025,2
2024-06-12,4.125,2025,9
2024-06-12,4.375,2025,4
2024-06-12,4.875,2025,1
2024-06-12,5.375,2025,1
2024-06-12,2.375,2026,1
2024-06-12,2.625,2026,1
2024-06-12,2.875,2026,2
2024-06-12,3.125,2026,7
2024-06-12,3.375,2026,3
2024-06-12,3.625,2026,3
2024-06-12,4.125,2026,1
2024-06-12,4.875,2026,1
2024-06-12,2.375,longer_run,1
2024-06-12,2.500,longer_run,5
2024-06-12,2.625,longer_run,1
2024-06-12,2.750,longer_run,3
2024-06-12,3.000,longer_run,4
2024-06-12,3.125,longer_run,1
2024-06-12,3.500,longer_run,2
2024-06-12,3.625,longer_run,1
2024-06-12,3.750,longer_run,1
2024-09-18,4.125,2024,1
2024-09-18,4.375,2024,9
2024-09-18,4.625,2024,7
2024-09-18,4.875,2024,2
2024-09-18,2.875,2025,2
2024-09-18,3.125,2025,6
2024-09-18,3.375,2025,6
2024-09-18,3.625,2025,3
2024-09-18,3.875,2025,1
2024-09-18,4.125,2025,1
2024-09-18,2.375,2026,1
2024-09-18,2.625,2026,3
2024-09-18,2.875,2026,6
2024-09-18,3.125,2026,2
2024-09-18,3.375,2026,3
2024-09-18,3.625,2026,3
2024-09-18,3.875,2026,1
2024-09-18,2.375,2027,2
2024-09-18,2.625,2027,3
2024-09-18,2.875,2027,5
2024-09-18,3.125,2027,2
2024-09-18,3.375,2027,3
2024-09-18,3.625,2027,3
2024-09-18,3.875,2027,1
2024-09-18,2.375,longer_run,1
2024-09-18,2.500,longer_run,3
2024-09-18,2.625,longer_run,1
2024-09-18,2.750,longer_run,3
2024-09-18,2.875,longer_run,2
2024-09-18,3.000,longer_run,2
2024-09-18,3.250,longer_run,1
2024-09-18,3.375,longer_run,2
2024-09-18,3.500,longer_run,2
2024-09-18,3.625,longer_run,1
2024-09-18,3.750,longer_run,1
2024-12-18,4.375,2024,15
2024-12-18,4.625,2024,4
2024-12-18,3.125,2025,1
2024-12-18,3.375,2025,1
2024-12-18,3.625,2025,3
2024-12-18,3.875,2025,10
2024-12-18,4.125,2025,3
2024-12-18,4.375,2025,1
2024-12-18,2.375,2026,1
2024-12-18,2.750,2026,1
2024-12-18,2.875,2026,1
2024-12-18,3.125,2026,4
2024-12-18,3.375,2026,5
2024-12-18,3.625,2026,4
2024-12-18,3.875,2026,3
2024-12-18,2.375,2027,1
2024-12-18,2.625,2027,1
2024-12-18,2.750,2027,1
2024-12-18,2.875,2027,2
2024-12-18,3.125,2027,7
2024-12-18,3.375,2027,1
2024-12-18,3.625,2027,4
2024-12-18,3.875,2027,2
2024-12-18,2.375,longer_run,1
2024-12-18,2.500,longer_run,1
2024-12-18,2.625,longer_run,1
2024-12-18,2.750,longer_run,1
2024-12-18,2.875,longer_run,4
2024-12-18,3.000,longer_run,3
2024-12-18,3.125,longer_run,1
2024-12-18,3.375,longer_run,1
2024-12-18,3.500,longer_run,2
2024-12-18,3.625,longer_run,2
2024-12-18,3.750,longer_run,1
2024-12-18,3.875,longer_run,1
2025-03-19,3.625,2025,2
2025-03-19,3.875,2025,9
2025-03-19,4.125,2025,4
2025-03-19,4.375,2025,4
2025-03-19,2.875,2026,3
2025-03-19,3.125,2026,1
2025-03-19,3.375,2026,9
2025-03-19,3.625,2026,2
2025-03-19,3.875,2026,1
2025-03-19,4.125,2026,3
2025-03-19,2.625,2027,2
2025-03-19,2.875,2027,3
2025-03-19,3.125,2027,6
2025-03-19,3.375,2027,2
2025-03-19,3.625,2027,4
2025-03-19,3.875,2027,2
2025-03-19,2.500,longer_run,2
2025-03-19,2.625,longer_run,2
2025-03-19,2.875,longer_run,4
2025-03-19,3.000,longer_run,3
2025-03-19,3.125,longer_run,1
2025-03-19,3.375,longer_run,1
2025-03-19,3.500,longer_run,2
2025-03-19,3.625,longer_run,2
2025-03-19,3.750,longer_run,1
2025-03-19,3.875,longer_run,1
2025-06-18,3.625,2025,2
2025-06-18,3.875,2025,8
2025-06-18,4.125,2025,2
2025-06-18,4.375,2025,7
2025-06-18,2.625,2026,1
2025-06-18,2.875,2026,1
2025-06-18,3.125,2026,2
2025-06-18,3.375,2026,5
2025-06-18,3.625,2026,4
2025-06-18,3.875,2026,5
2025-06-18,4.125,2026,1
2025-06-18,2.625,2027,2
2025-06-18,2.875,2027,3
2025-06-18,3.125,2027,3
2025-06-18,3.375,2027,6
2025-06-18,3.625,2027,3
2025-06-18,3.875,2027,2
2025-06-18,2.500,longer_run,2
2025-06-18,2.625,longer_run,2
2025-06-18,2.875,longer_run,4
2025-06-18,3.000,longer_run,3
2025-06-18,3.125,longer_run,1
2025-06-18,3.375,longer_run,1
2025-06-18,3.500,longer_run,2
2025-06-18,3.625,longer_run,2
2025-06-18,3.750,longer_run,1
2025-06-18,3.875,longer_run,1
2025-09-17,2.875,2025,1
2025-09-17,3.625,2025,9
2025-09-17,3.875,2025,2
2025-09-17,4.125,2025,6
2025-09-17,4.375,2025,1
2025-09-17,2.625,2026,2
2025-09-17,2.875,2026,3
2025-09-17,3.125,2026,4
2025-09-17,3.375,2026,2
2025-09-17,3.625,2026,6
2025-09-17,3.875,2026,2
2025-09-17,2.375,2027,1
2025-09-17,2.625,2027,2
2025-09-17,2.875,2027,3
2025-09-17,3.125,2027,7
2025-09-17,3.375,2027,2
2025-09-17,3.625,2027,2
2025-09-17,3.875,2027,2
2025-09-17,2.625,2028,3
2025-09-17,2.750,2028,1
2025-09-17,2.875,2028,4
2025-09-17,3.125,2028,5
2025-09-17,3.375,2028,2
2025-09-17,3.625,2028,2
2025-09-17,3.875,2028,2
2025-09-17,2.625,longer_run,3
2025-09-17,2.750,longer_run,2
2025-09-17,2.875,longer_run,1
2025-09-17,3.000,longer_run,4
2025-09-17,3.125,longer_run,2
2025-09-17,3.250,longer_run,1
2025-09-17,3.375,longer_run,2
2025-09-17,3.500,longer_run,1
2025-09-17,3.625,longer_run,1
2025-09-17,3.750,longer_run,1
2025-09-17,3.875,longer_run,1
2025-12-10,3.375,2025,1
2025-12-10,3.625,2025,12
2025-12-10,3.875,2025,6
2025-12-10,2.125,2026,1
2025-12-10,2.625,2026,1
2025-12-10,2.875,2026,2
2025-12-10,3.125,2026,4
2025-12-10,3.375,2026,4
2025-12-10,3.625,2026,4
2025-12-10,3.875,2026,3
2025-12-10,2.375,2027,1
2025-12-10,2.625,2027,2
2025-12-10,2.875,2027,3
2025-12-10,3.125,2027,6
2025-12-10,3.375,2027,3
2025-12-10,3.625,2027,2
2025-12-10,3.875,2027,2
2025-12-10,2.625,2028,3
2025-12-10,2.750,2028,1
2025-12-10,2.875,2028,3
2025-12-10,3.125,2028,6
2025-12-10,3.375,2028,2
2025-12-10,3.625,2028,2
2025-12-10,3.875,2028,2
2025-12-10,2.625,longer_run,3
2025-12-10,2.750,longer_run,1
2025-12-10,2.875,longer_run,1
2025-12-10,3.000,longer_run,5
2025-12-10,3.125,longer_run,2
2025-12-10,3.250,longer_run,1
2025-12-10,3.375,longer_run,2
2025-12-10,3.500,longer_run,1
2025-12-10,3.625,longer_run,1
2025-12-10,3.750,longer_run,1
2025-12-10,3.875,longer_run,1
2026-03-18,2.625,2026,1
2026-03-18,2.875,2026,2
2026-03-18,3.125,2026,2
2026-03-18,3.375,2026,7
2026-03-18,3.625,2026,7
2026-03-18,2.375,2027,1
2026-03-18,2.625,2027,1
2026-03-18,2.875,2027,3
2026-03-18,3.125,2027,6
2026-03-18,3.375,2027,4
2026-03-18,3.625,2027,3
2026-03-18,3.875,2027,1
2026-03-18,2.625,2028,2
2026-03-18,2.875,2028,3
2026-03-18,3.125,2028,7
2026-03-18,3.375,2028,3
2026-03-18,3.625,2028,3
2026-03-18,3.875,2028,1
2026-03-18,2.625,longer_run,2
2026-03-18,2.875,longer_run,2
2026-03-18,3.000,longer_run,5
2026-03-18,3.125,longer_run,3
2026-03-18,3.250,longer_run,1
2026-03-18,3.375,longer_run,2
2026-03-18,3.500,longer_run,1
2026-03-18,3.625,longer_run,1
2026-03-18,3.750,longer_run,1
2026-03-18,3.875,longer_run,1
2026-06-17,3.375,2026,1
2026-06-17,3.625,2026,8
2026-06-17,3.875,2026,3
2026-06-17,4.125,2026,5
2026-06-17,4.375,2026,1
2026-06-17,2.875,2027,1
2026-06-17,3.125,2027,4
2026-06-17,3.375,2027,3
2026-06-17,3.625,2027,2
2026-06-17,3.875,2027,5
2026-06-17,4.125,2027,2
2026-06-17,4.375,2027,1
2026-06-17,2.875,2028,1
2026-06-17,3.125,2028,6
2026-06-17,3.375,2028,2
2026-06-17,3.625,2028,5
2026-06-17,3.875,2028,3
2026-06-17,2.875,longer_run,2
2026-06-17,3.000,longer_run,7
2026-06-17,3.125,longer_run,2
2026-06-17,3.250,longer_run,1
2026-06-17,3.375,longer_run,2
2026-06-17,3.500,longer_run,1
2026-06-17,3.625,longer_run,1
2026-06-17,3.750,longer_run,1
2026-06-17,3.875,longer_run,1
2026-09-16,3.875,2026,2
2026-09-16,4.125,2026,12
2026-09-16,4.375,2026,4
2026-09-16,3.125,2027,1
2026-09-16,3.625,2027,3
2026-09-16,4.125,2027,6
2026-09-16,4.375,2027,8
2026-09-16,3.125,2028,4
2026-09-16,3.375,2028,1
2026-09-16,3.625,2028,3
2026-09-16,3.875,2028,5
2026-09-16,4.125,2028,4
2026-09-16,2.875,2029,1
2026-09-16,3.125,2029,4
2026-09-16,3.375,2029,2
2026-09-16,3.625,2029,7
2026-09-16,3.875,2029,3
2026-09-16,2.875,longer_run,1
2026-09-16,3.000,longer_run,6
2026-09-16,3.125,longer_run,1
2026-09-16,3.250,longer_run,2
2026-09-16,3.375,longer_run,1
2026-09-16,3.500,longer_run,2
2026-09-16,3.625,longer_run,2
2026-09-16,3.750,longer_run,1
2026-09-16,3.875,longer_run,2
